FicheiroAlert1.jpg,alert,1298.92066,382.55261,-149.08288,1317.3231,358.12775,-97.27186,1329.67486,358.28721,-97.07823,1342.43025,358.38814,-97.15255,1285.3552,359.13401,-81.81014,1273.94277,359.11127,-81.74522,1262.403,359.58778,-81.90641,1365.06213,376.86084,166.26436,1256.89241,378.30833,248.24567,1326.53076,413.68752,-55.93628,1281.97472,413.93051,-33.23295,1448.45904,514.62871,259.40298,1182.3222,503.83348,344.9468,1616.20598,383.33951,129.54064,996.82157,390.63769,177.00434,1555.7753,174.57825,-62.50541,1027.214,172.84807,38.8361,1540.037,122.55326,-183.40733,1044.3358,118.36361,-51.4509,1524.53031,117.64538,-134.06113,1063.62183,110.83935,-22.60028,1521.81055,138.89105,-68.28642,1072.35525,133.59281,31.47662,1395.67858,962.58963,-49.04117,1225.57571,959.69378,52.10624,1415.77609,1295.43614,-174.19086,1235.60954,1302.9368,28.10514,1438.04478,1593.95313,291.33119,1252.46278,1594.57489,480.56317,1436.98687,1633.82561,319.71245,1264.46371,1630.63631,503.12575,1442.57445,1708.9587,6.56668,1244.13883,1717.87085,161.31035
FicheiroAlert10.jpg,alert,1271.93871,407.02612,-475.4563,1290.56375,383.98019,-416.63156,1301.50188,384.27309,-416.51952,1312.72107,384.60706,-416.33818,1260.32195,384.60453,-402.84321,1249.67736,384.40209,-402.53863,1239.11375,384.65014,-402.96034,1330.01514,399.04863,-133.09614,1233.8658,400.27266,-82.35444,1294.36614,432.46149,-376.43576,1254.79913,432.57131,-360.89235,1386.95784,518.01979,-110.33597,1171.82502,502.66314,15.06786,1400.93502,298.1368,-173.66057,1113.71241,312.74905,45.24412,1382.9501,110.87471,-312.10324,1122.21827,122.50829,148.60957,1372.30731,85.72272,-445.23124,1133.90493,84.03975,119.01443,1369.97662,66.17889,-394.07377,1140.05462,70.02651,130.03691,1366.03519,70.08651,-314.10994,1145.18682,77.31002,145.86428,1362.62638,940.79524,-55.4827,1215.6342,925.87572,58.50379,1378.48377,1252.4814,-90.77772,1217.74242,1257.09952,52.78322,1387.19421,1518.57388,355.43963,1216.41891,1515.8012,485.72357,1381.62028,1556.1624,374.90632,1218.9525,1548.68397,509.79399,1394.13041,1613.00068,46.91194,1217.947,1618.00392,181.75916
FicheiroAlert2.jpg,alert,1276.05407,424.10132,-65.114,1292.87255,403.52547,-5.11474,1303.44621,404.23997,-4.82852,1314.33452,404.84499,-4.89326,1263.59635,403.51255,-0.41495,1253.10265,403.37132,-0.31047,1242.47466,403.65396,-0.42433,1330.25731,425.76094,280.68225,1231.49417,423.88794,313.20849,1297.07663,454.32814,34.44188,1256.48249,453.4258,42.7175,1392.32989,559.16913,427.34999,1162.49775,542.70289,396.92476,1565.07836,476.27385,311.26471,999.64992,444.39457,218.33792,1495.40216,299.3639,84.70836,1037.52076,266.39846,102.1274,1476.87741,259.27108,-28.42192,1053.46364,223.23429,21.01628,1461.12946,251.79158,25.11232,1072.11817,221.92657,42.85677,1460.28179,269.91773,83.09964,1077.19701,242.05263,96.06513,1350.421,941.36198,-20.13204,1200.99024,937.52174,22.9192,1365.89499,1244.84264,-136.9659,1201.20757,1244.36251,-32.34807,1380.85566,1522.17773,256.66449,1200.06778,1510.24693,378.43956,1374.75104,1557.06516,278.25413,1206.48757,1541.50097,398.24708,1391.44721,1624.73339,-33.96248,1199.43615,1621.06825,70.49339
FicheiroAlert3.jpg,alert,1246.41957,424.85474,-334.51222,1260.16746,400.36107,-290.52154,1270.85685,399.41809,-290.32819,1281.81893,398.39262,-290.31114,1232.11498,404.25889,-277.43943,1221.73046,405.47155,-277.62051,1211.20585,407.00642,-277.95335,1302.38869,414.34503,-53.04752,1205.09801,424.77968,17.56423,1272.4291,451.01207,-250.3632,1232.99161,455.19254,-229.68545,1388.69011,533.29396,34.09447,1144.64982,566.20862,138.31087,1529.22993,461.46209,-247.42789,996.92572,635.84258,-142.82906,1404.76586,306.13635,-540.50765,978.60516,467.42839,-563.95931,1380.20833,270.39943,-639.01233,977.47516,426.2476,-660.46354,1355.89631,276.12205,-589.71502,991.66593,406.16245,-649.19897,1359.21616,298.02404,-537.15819,1005.41066,426.95369,-574.42141,1353.73943,954.36481,-58.49329,1195.01565,962.42243,60.73471,1356.47155,1253.39627,-122.08843,1193.78767,1252.80704,54.35651,1393.17099,1516.34073,208.6983,1199.63957,1494.78092,479.15591,1404.54622,1552.31375,222.81785,1210.81099,1528.3445,500.19263,1373.34384,1613.19826,-74.18356,1181.20275,1593.85408,214.95491
FicheiroAlert4.jpg,alert,1337.19994,498.23148,-423.74845,1351.01426,480.86321,-376.97376,1359.77556,481.41283,-376.88386,1368.8228,481.87451,-376.97163,1326.33262,480.76721,-373.12461,1317.24598,480.48547,-373.00339,1308.20595,480.56465,-373.17488,1380.83017,499.20407,-138.56731,1298.42254,496.96866,-112.9989,1353.91092,523.26576,-339.36547,1319.82,522.2379,-332.01867,1427.90358,605.43968,-65.80326,1243.58007,598.08691,21.08326,1553.10395,528.69305,-239.94678,1123.57345,525.99617,-4.1407,1512.32583,382.11192,-363.65086,1137.20444,378.38034,-68.10787,1508.25552,341.48353,-437.91196,1140.57256,342.27884,-117.5425,1493.71688,343.31692,-404.82037,1158.02937,337.14273,-112.88081,1489.62173,361.95552,-367.09285,1163.89413,352.85659,-78.15347,1387.21971,928.20894,-33.12684,1277.97097,928.98022,34.01048,1415.13944,1140.85653,-72.83815,1269.77642,1135.79123,135.47004,1437.5876,1332.68692,194.12139,1281.56505,1319.56118,477.46094,1427.71626,1364.31664,206.16918,1304.94172,1352.49484,498.79577,1479.32784,1404.21444,-49.56171,1212.30007,1387.4069,255.765
FicheiroAlert5.jpg,alert,1184.98106,357.83029,-350.95431,1205.45245,332.75403,-292.08661,1217.9264,332.75921,-291.95197,1230.79186,332.69825,-292.09086,1171.24991,333.94592,-272.0141,1159.45085,334.13269,-271.94944,1147.58162,334.66767,-271.90406,1255.21962,352.65259,4.57678,1141.0085,354.13946,105.55102,1213.88557,389.95573,-247.07849,1167.26419,390.65731,-219.10193,1339.0329,512.12108,165.12752,1065.44603,485.98383,257.14678,1535.55058,507.609,7.06052,860.77132,424.94727,108.45234,1517.72544,294.63819,-331.41575,883.566,227.11032,-111.47017,1517.92744,238.66476,-467.06325,894.45598,178.96265,-212.97475,1499.39381,223.82275,-416.73868,915.66567,171.26106,-198.4464,1490.44081,246.4605,-336.10349,921.09547,194.50101,-126.4641,1260.40808,972.73215,-55.96485,1085.37721,961.09325,59.73023,1276.34092,1316.76859,-142.60831,1091.39879,1314.86169,-2.19331,1299.76716,1613.53214,393.88297,1090.63725,1614.85531,503.8148,1303.10928,1654.57998,426.89281,1096.15917,1653.21871,529.59327,1295.70793,1722.52098,74.52167,1094.76434,1731.78263,144.15959
FicheiroAlert6.jpg,alert,1269.20684,433.81173,-181.63204,1291.74989,413.84425,-126.63763,1303.34643,416.15885,-126.5578,1315.25544,418.4189,-126.64962,1260.52846,409.71395,-106.15054,1249.39734,408.10724,-106.19311,1238.17982,406.87248,-106.52797,1331.39761,443.38614,138.56095,1227.09402,426.65663,232.65491,1289.14857,469.3316,-89.8429,1245.08151,462.66827,-63.71336,1377.42947,581.90301,171.73147,1145.36668,565.53021,383.66559,1534.49345,459.848,-16.45467,986.79457,491.34941,326.6844,1490.30344,280.21188,-200.97412,1004.88512,303.32213,292.3946,1482.91547,232.68708,-322.23651,1019.19338,253.28156,236.27989,1468.46064,236.08975,-264.80585,1032.26232,251.89075,246.19978,1464.28978,257.04635,-203.35835,1038.63699,273.32572,282.80653,1315.30191,1010.43097,-111.04933,1171.04314,1003.80226,113.66251,1313.42711,1345.65577,-199.35893,1189.32894,1341.30527,52.93264,1339.40909,1623.46928,230.55963,1256.99786,1590.64659,553.50816,1355.40283,1659.03511,259.23719,1277.75506,1616.25195,586.60175,1306.47444,1726.8429,-41.57691,1237.96327,1706.53708,306.69719
FicheiroAlert7.jpg,alert,1271.31854,402.07695,-438.54845,1285.70745,375.17126,-381.74338,1297.22005,374.67645,-381.61744,1308.96091,374.12387,-381.50124,1252.16653,376.54532,-380.93582,1239.59152,376.58652,-380.90438,1226.9542,376.85453,-380.99836,1321.68759,388.66329,-75.19871,1207.88755,391.5287,-55.6131,1292.87423,429.5008,-327.27409,1248.24261,430.6632,-322.21044,1392.16999,528.13163,69.9376,1130.21121,528.75322,88.10883,1554.21155,627.20445,-256.49771,980.30924,632.72272,-277.57509,1483.98651,436.50394,-729.69151,991.4188,445.62482,-775.84477,1471.97219,386.6597,-829.19539,992.44613,396.08532,-886.03857,1451.99608,374.79365,-776.55403,1008.08491,378.77439,-845.5218,1447.05842,400.82477,-722.07946,1021.70676,402.4389,-777.50669,1350.31054,958.02738,-42.45097,1178.88339,964.73539,45.22024,1352.75568,1287.04885,-130.12762,1180.47031,1293.72983,-3.59605,1373.35814,1571.80401,319.8503,1179.51322,1563.4532,504.79588,1379.82878,1611.43307,347.32081,1184.74726,1598.80394,531.67097,1363.55271,1670.43583,28.68857,1181.7843,1669.72446,187.75097
FicheiroAlert8.jpg,alert,1249.75988,389.27625,-297.74696,1268.701,368.17391,-243.40126,1279.85311,368.93832,-243.30029,1291.34588,369.59368,-243.41185,1238.78094,368.0365,-231.51738,1228.07596,367.97826,-231.40777,1217.31138,368.27781,-231.39384,1309.94132,392.51533,27.89834,1209.03597,389.58009,99.02274,1272.84611,421.47941,-202.41892,1230.97816,420.53703,-183.06971,1382.32324,538.9336,178.01888,1136.60873,526.13448,234.77103,1552.24933,531.31303,-19.00933,957.27696,479.32938,72.3805,1530.20067,347.84249,-428.31018,975.86248,292.56969,-128.647,1527.03648,302.10915,-557.1959,986.65835,246.95317,-221.52544,1510.69397,288.17596,-520.3465,1004.87141,240.49377,-206.59132,1501.93989,308.04784,-435.93243,1012.08904,262.16688,-138.99159,1336.4648,958.30685,-58.97253,1182.49897,959.70503,62.27529,1345.27167,1276.86779,-167.77946,1185.70281,1269.2916,92.19382,1365.35696,1566.37848,237.02375,1189.57716,1528.80318,573.24873,1371.14551,1605.51264,259.84141,1199.94315,1562.67025,600.55917,1352.35348,1669.76841,-55.9953,1174.56061,1633.11012,282.95784
FicheiroAlert9.jpg,alert,1304.70109,445.16263,-398.04495,1324.30075,423.30073,-353.10486,1334.28719,424.72724,-352.88962,1344.60168,426.14521,-352.852,1297.40609,420.55664,-338.93372,1287.67096,419.0322,-338.65685,1278.01101,417.92687,-338.81801,1358.94193,441.49984,-119.22099,1270.07421,430.31834,-53.20884,1321.60416,471.254,-317.54443,1284.91631,466.78857,-298.39452,1394.53119,547.13356,-104.74945,1198.78933,524.41795,72.11962,1457.79905,402.83338,-262.25713,1096.66514,390.22073,57.87249,1455.50493,229.63576,-356.39728,1112.6312,223.52586,34.92786,1457.20141,189.2377,-451.88902,1121.9322,184.15077,-8.2255,1450.176,179.41541,-402.66741,1137.38481,175.75525,2.90181,1442.36331,195.40695,-354.98152,1143.15611,189.91748,28.55708,1344.31084,921.20662,-69.96277,1219.47547,908.89738,71.83967,1325.7933,1186.57064,-102.74691,1218.59897,1154.91294,216.23966,1326.82314,1384.95214,219.90242,1233.0538,1336.93262,650.59625,1320.81006,1412.53427,232.39396,1245.31068,1364.33922,678.88646,1327.20243,1471.91408,-61.02654,1198.40734,1415.79472,420.295
FicheiroCold1.jpg,cold,1231.68574,252.04418,-212.65195,1244.00867,230.55951,-157.76618,1253.5642,231.11235,-157.76676,1263.30641,231.48717,-157.8498,1215.81805,229.61555,-175.00226,1204.90721,229.14721,-175.12175,1193.95466,228.8986,-175.60309,1271.19365,248.52885,119.20134,1174.67224,244.81959,43.38024,1246.9388,282.49497,-109.99302,1209.62524,281.14222,-132.90047,1335.01448,405.89148,221.50348,1091.05156,389.09463,75.18746,1371.41021,562.8177,44.64979,1106.6382,537.68669,-76.05732,1208.87594,466.57476,-200.59569,1287.54517,445.19807,-171.36898,1168.19824,452.27765,-284.92929,1339.14478,433.51677,-236.79688,1160.98087,429.88129,-248.57983,1333.74839,404.70281,-223.40171,1170.87204,437.23264,-196.13898,1319.66653,413.56359,-164.61815,1286.5546,784.52219,32.83263,1134.73483,787.84075,-31.91773,1276.0609,1085.80155,56.86416,1125.84981,1094.73679,7.52884,1260.90131,1347.34328,393.61412,1126.46779,1342.71847,423.46752,1240.42245,1385.88864,412.68881,1136.1446,1376.41577,446.99457,1306.75305,1436.57596,129.44316,1100.43109,1438.58182,137.22481
FicheiroCold10.jpg,cold,1283.09185,263.79054,-124.59635,1298.99456,247.26435,-69.78682,1308.81183,248.64322,-69.73951,1318.87153,249.78267,-69.94045,1270.28715,245.3911,-76.19948,1259.93623,244.86804,-76.02716,1249.53033,244.5194,-76.24927,1331.67068,270.48602,200.16088,1233.92876,262.0474,182.6668,1300.45994,294.75814,-26.07736,1262.6126,291.54428,-32.81948,1392.81887,405.40169,230.9095,1152.38527,401.58608,253.43494,1383.03121,565.38417,24.64965,1137.33705,574.60942,79.15384,1216.34913,554.94776,-262.34634,1318.25844,540.89912,-222.1207,1173.02042,573.90059,-347.94858,1370.59087,550.00194,-306.12672,1168.40321,548.1519,-334.8984,1371.52144,514.58952,-309.24704,1182.2895,543.71724,-264.69806,1356.76985,513.90404,-225.65341,1349.77907,783.96386,1.78926,1189.55026,788.48001,-1.04388,1380.72975,1095.49544,-56.89679,1146.87172,1092.78654,-1.16281,1381.31657,1372.44035,254.4969,1125.82483,1352.75525,388.3682,1363.59816,1411.22921,271.85314,1143.22911,1394.07475,409.63537,1423.01767,1473.8154,7.87836,1055.90647,1445.86773,134.43035
FicheiroCold11.jpg,cold,1197.10829,278.5968,-394.5305,1210.23962,254.94268,-344.04377,1220.71735,254.14647,-344.17567,1231.39516,253.11071,-344.40928,1180.54048,258.05921,-348.13082,1169.79585,259.10821,-347.87091,1159.04054,260.38831,-348.04179,1247.75389,269.25634,-72.77638,1146.29004,278.06448,-71.59076,1219.41329,305.87208,-292.57665,1180.07365,309.46259,-293.29949,1326.82443,409.11026,8.79031,1084.51178,422.41642,44.38252,1336.77649,569.63609,-161.79134,1085.72199,594.51729,-74.34137,1179.51437,554.27459,-427.14889,1264.7297,559.25749,-355.73173,1140.0326,568.21246,-511.81225,1316.73087,567.89832,-443.88607,1133.3427,542.02788,-508.06509,1320.9558,534.13965,-448.99075,1145.61194,539.88868,-431.26303,1305.40366,534.37028,-361.39594,1298.7444,790.30126,-17.37694,1152.37008,802.78893,17.58754,1342.85048,1067.6033,-62.27526,1142.8627,1077.38894,119.23856,1356.43601,1323.53514,273.02315,1160.88984,1305.41628,561.94618,1341.60241,1361.38192,291.34619,1188.92597,1344.09433,589.18144,1402.97822,1416.37167,13.9684,1079.79858,1393.69632,320.54061
FicheiroCold12.jpg,cold,1279.2256,278.60251,-333.94851,1288.2758,254.74656,-280.82638,1297.53934,254.43233,-280.72368,1307.03359,253.97262,-280.8419,1260.89526,255.27321,-301.5543,1250.11471,255.31055,-301.61562,1239.32309,255.56341,-302.03118,1312.88574,267.31247,22.24944,1220.54599,269.75375,-76.49883,1295.48726,304.7136,-219.16119,1258.82232,305.67694,-248.26064,1367.8751,414.32701,214.10872,1157.89302,412.10249,-40.55058,1416.04607,580.90755,36.20582,1171.80352,589.62602,-122.79431,1258.02705,528.99303,-375.7536,1346.57433,547.50727,-188.50737,1217.80203,531.85102,-495.75205,1394.77272,549.65612,-247.27887,1205.30259,502.96007,-463.45578,1393.60847,521.66008,-249.42939,1215.90689,505.84668,-378.94341,1377.33909,522.10997,-184.14358,1344.38848,794.07008,107.49961,1214.42167,794.85226,-106.68345,1336.16663,1078.49565,194.14792,1167.90444,1093.43216,-120.3307,1320.10569,1314.45528,579.12412,1107.60843,1340.68274,270.97084,1292.88388,1355.82413,601.01622,1092.49596,1374.67787,290.99539,1403.25271,1387.25747,329.44916,1133.01079,1440.42709,-28.39058
FicheiroCold13.jpg,cold,1386.56053,271.45545,-374.16961,1404.12985,252.74486,-321.32148,1414.38048,253.94048,-321.39934,1424.86015,254.91959,-321.51332,1375.30117,250.84431,-322.26638,1365.0329,250.21491,-322.10297,1354.72253,249.80855,-322.25122,1440.65291,274.88248,-44.62737,1342.01414,266.1332,-32.14951,1405.46585,302.34034,-272.50067,1366.89714,299.09452,-270.05697,1499.70563,425.87866,71.30484,1261.96295,407.97245,113.00307,1498.76411,606.13976,-59.24585,1223.95081,589.13451,20.82281,1334.22822,570.97681,-344.58357,1409.93411,571.99721,-253.60485,1284.32845,579.9414,-431.65062,1461.26876,581.27263,-334.58467,1284.40789,546.31551,-420.85153,1471.91966,548.78387,-331.22205,1298.62982,545.20391,-344.97422,1457.01795,547.98371,-253.60091,1431.12815,779.52075,-11.10106,1287.82803,773.76348,11.6287,1429.13272,1062.33433,-40.47204,1277.03563,1052.27772,114.28208,1408.60764,1317.34863,287.33507,1272.13182,1274.4326,608.91659,1388.49494,1351.48221,304.68228,1288.17294,1309.54207,642.83538,1443.11595,1418.41178,34.16403,1213.0056,1362.21354,390.19749
FicheiroCold14.jpg,cold,1270.98392,240.20315,-227.25622,1285.15642,214.11311,-173.11245,1296.25716,213.7703,-173.14903,1307.55089,213.28849,-173.26153,1253.05591,215.72664,-182.39927,1241.07146,216.20828,-182.39901,1229.05121,216.87145,-182.75298,1320.08573,230.65972,99.29656,1210.36128,234.33992,70.08821,1291.51454,270.61545,-124.72392,1248.88763,272.22293,-135.03072,1395.52138,387.90021,178.45039,1130.85018,394.25559,152.44076,1416.92966,570.12563,-9.92933,1131.97773,591.63154,-8.28866,1242.13567,461.97978,-281.68309,1321.5564,512.80571,-217.89262,1190.77759,453.69604,-367.28597,1378.27945,507.97129,-288.18689,1193.42255,420.92867,-333.3398,1372.08342,472.1656,-270.83289,1206.65455,427.97782,-273.79823,1356.43524,477.33107,-212.2347,1355.07646,803.18891,-8.90142,1193.22145,813.01034,10.30142,1351.92784,1126.70691,-22.28423,1204.33532,1135.41873,37.67449,1357.34354,1414.44717,334.85311,1221.43975,1396.44556,492.39995,1351.48959,1450.90015,356.24755,1233.32777,1431.56799,520.33807,1361.49947,1513.90383,69.39984,1193.88835,1493.19477,230.94141
FicheiroCold15.jpg,cold,1292.80676,261.11414,-161.21145,1308.46177,235.19132,-114.90621,1319.55555,234.57703,-114.88025,1330.8189,233.79481,-115.00024,1277.36432,237.38091,-113.34965,1266.03184,237.82345,-113.19263,1254.59584,238.44134,-113.41734,1348.29051,247.85817,155.96296,1241.68262,252.1637,180.85736,1315.84149,288.38369,-59.42481,1275.49673,290.27214,-53.80032,1428.6731,389.0379,270.69896,1172.22246,397.68358,310.96164,1456.38787,563.76347,92.44691,1108.08234,602.96175,31.19917,1315.62687,504.58179,-291.14058,1266.31624,523.43223,-452.33972,1267.50971,506.40166,-377.67542,1316.74194,514.0139,-556.81288,1269.50244,470.38736,-372.44431,1319.21605,473.11837,-531.37469,1281.21756,471.71594,-294.27001,1311.89362,479.62026,-449.24699,1382.96748,791.71961,-30.61,1221.39456,793.6823,31.78837,1363.77402,1128.8435,-143.91928,1201.99086,1117.55668,24.11286,1350.90895,1418.83398,165.56635,1199.24947,1383.71241,432.5287,1342.84636,1455.0959,179.56681,1217.51621,1421.76235,453.75548,1345.66126,1532.18542,-106.54525,1141.22788,1491.15612,181.8525
FicheiroCold2.jpg,cold,1230.79392,273.00995,-224.95302,1246.93198,243.91987,-180.55439,1258.64336,242.97196,-180.62767,1270.49829,241.82758,-180.85161,1214.26126,246.91103,-183.03141,1202.33036,247.65068,-182.99401,1190.34307,248.54525,-183.50108,1288.40133,255.9511,75.29825,1176.1084,263.20451,82.79427,1255.27369,300.41093,-128.61789,1212.26479,303.52328,-127.93429,1373.17287,397.82288,182.28608,1112.24367,410.26696,208.49115,1407.95116,587.99425,33.84181,1105.29229,616.16731,11.5652,1247.4767,523.52553,-211.98279,1279.87075,501.27843,-338.59257,1198.41803,524.97431,-272.34073,1331.52095,480.07529,-419.77119,1200.0831,488.69277,-256.33639,1325.52486,445.09482,-396.55275,1213.86961,490.19825,-206.31334,1316.96609,454.55297,-334.00667,1346.22826,782.85064,-17.89082,1188.9315,796.88069,18.75219,1374.64122,1099.30478,-78.10949,1209.71485,1100.65438,68.16363,1408.37821,1380.68027,204.20152,1241.46671,1358.02174,455.53388,1403.50556,1419.03714,218.53327,1264.6531,1396.10327,475.97379,1428.53727,1477.65289,-54.41871,1192.46468,1449.39863,220.92605
FicheiroCold3.jpg,cold,1111.50802,364.08537,-279.43654,1123.04495,343.20053,-240.73583,1130.92163,342.16256,-240.60805,1138.95049,340.9943,-240.61764,1101.05178,345.62323,-223.64972,1093.93573,345.8716,-223.38414,1086.74578,346.30816,-223.43135,1155.6222,347.52078,1.24836,1083.69849,352.9195,86.76332,1130.42995,381.22074,-189.06313,1102.98851,383.37393,-165.28326,1211.08535,445.95283,-6.27781,1042.8932,454.82429,269.0452,1169.28331,558.79714,-292.14499,1018.73749,601.29384,11.01674,1057.3595,533.96117,-472.76203,1132.23278,540.65944,-443.60759,1031.30458,533.36237,-551.65049,1163.30988,529.37712,-536.50989,1032.19737,518.76592,-526.92298,1165.33622,505.18544,-530.48876,1040.32504,519.76018,-467.14156,1157.06145,509.05988,-451.6658,1172.45214,741.50428,-67.41977,1065.43078,736.4237,67.47427,1194.7682,983.67591,-84.92325,1073.64304,965.19021,144.24659,1217.63955,1189.71316,280.80144,1095.30275,1160.94486,540.61187,1211.96043,1222.34196,301.47702,1120.96699,1196.58348,562.98439,1246.53982,1254.44015,15.16701,1025.80127,1224.83199,301.40138
FicheiroCold4.jpg,cold,1247.92126,311.68507,-333.78217,1261.67044,292.52566,-276.76457,1270.68884,292.70966,-276.5506,1279.83676,292.729,-276.42304,1234.69492,292.12522,-286.88054,1225.05455,291.72385,-286.84124,1215.40619,291.53646,-287.07002,1291.4821,306.91385,30.43266,1201.45308,304.69227,-21.21482,1264.06383,336.66955,-219.8157,1229.65465,335.91818,-235.29042,1339.08002,430.18998,128.0288,1136.11821,424.64617,38.62052,1344.27724,551.69362,-202.15829,1135.59717,569.06622,-144.87941,1204.83241,484.82683,-567.71226,1306.23987,548.1292,-334.91137,1177.38286,477.58216,-669.81623,1349.42579,556.24852,-406.50362,1169.91288,464.06542,-640.88237,1353.57283,532.68508,-397.43176,1176.37735,469.1844,-568.97449,1337.44494,531.35805,-328.70005,1292.88234,767.09564,47.38563,1167.85359,764.66389,-47.10318,1281.91755,1016.41242,178.72342,1138.67806,1044.13513,-101.72442,1267.20394,1231.08304,626.81042,1132.06451,1299.45036,230.91808,1244.65201,1266.03707,653.82765,1149.19198,1339.64307,241.86898,1325.4704,1300.68967,379.51408,1071.13564,1378.97884,-98.66138
FicheiroCold5.jpg,cold,1216.4726,270.86886,-109.18885,1229.25128,250.4985,-49.53218,1238.8932,250.51163,-49.39397,1248.72129,250.33692,-49.43066,1200.3617,250.80676,-70.2933,1189.80839,250.83045,-70.3525,1179.23744,251.0621,-70.74372,1259.8658,266.38277,261.56652,1162.71302,267.1212,171.23691,1234.10192,298.97528,5.70362,1197.23974,299.38392,-21.67776,1319.7452,409.08425,388.97508,1087.48259,395.19741,152.93344,1348.29811,540.10712,129.64882,1120.76421,519.55406,-38.56221,1197.64207,498.96212,-303.57127,1286.06459,446.72556,-190.83157,1169.526,504.6714,-424.10343,1330.82766,441.75819,-270.54566,1151.0373,487.17898,-402.07708,1328.05254,416.22283,-273.8357,1159.72984,486.786,-313.02319,1314.18285,421.45602,-190.28123,1280.50997,760.57843,66.61382,1130.31601,764.20941,-65.92472,1287.19588,1057.47717,79.41014,1105.83444,1070.72617,-72.92632,1292.21466,1331.03622,356.52931,1089.15745,1336.95296,289.0969,1268.46771,1377.09915,367.09163,1099.83938,1376.0994,306.14043,1370.72386,1405.57151,57.89855,1052.80189,1428.42007,-26.07137
FicheiroCold6.jpg,cold,1206.41933,254.86067,-142.73775,1222.94003,231.37666,-85.40486,1233.47673,232.40376,-85.42872,1244.17926,233.27245,-85.52082,1191.86022,228.97297,-99.90217,1180.24694,227.78242,-99.95895,1168.61358,226.7494,-100.29641,1251.89951,249.92214,201.60121,1147.10938,240.51574,146.13568,1221.54223,285.25475,-36.6116,1180.84419,281.53195,-54.46248,1305.42568,391.92215,287.19197,1054.95484,389.20878,194.48512,1329.36948,545.50737,96.60966,1081.30008,561.43536,22.00468,1170.20488,428.48697,-210.16023,1255.89824,455.02891,-205.03041,1123.74777,415.26926,-300.45767,1309.00688,441.17832,-280.41758,1123.6386,387.26682,-273.50212,1302.84728,406.32501,-271.94606,1134.78646,394.84396,-208.67678,1289.25479,412.94668,-203.90816,1277.47311,775.52653,10.42348,1121.4718,790.58518,-9.22417,1311.72097,1093.57438,-30.05784,1143.09264,1107.86768,10.32467,1339.23799,1387.1101,255.85023,1160.85354,1374.7631,386.9527,1327.06286,1428.05443,271.22444,1173.3168,1413.31816,407.28801,1380.9042,1476.13008,-23.07995,1139.32746,1463.20879,103.02494
FicheiroCold7.jpg,cold,1307.26378,299.24462,-332.0515,1320.80297,275.69459,-285.95006,1330.24444,274.48294,-285.84059,1339.9161,273.09119,-285.9002,1294.72959,279.1435,-263.19485,1286.03524,279.93859,-262.92999,1277.27716,280.95403,-262.93561,1360.82973,284.63392,-27.50089,1274.35874,292.53912,85.58764,1330.56308,321.77191,-237.77427,1297.02667,325.49151,-206.13342,1426.40871,418.20235,4.95212,1221.40112,423.65303,296.73672,1397.99086,553.81801,-244.3024,1127.32266,582.96641,44.60045,1264.00731,498.5106,-447.81279,1289.03631,527.26032,-458.60084,1230.46343,486.75768,-530.01008,1333.3391,517.57021,-568.39397,1229.04555,468.6744,-490.98342,1349.00312,492.04163,-540.18115,1240.14062,474.6692,-435.40946,1336.64234,498.90826,-457.91417,1357.86909,768.24895,-82.13529,1233.39884,762.3444,82.44381,1367.21437,1054.50674,-153.41781,1254.19325,1034.50562,195.48812,1380.08885,1299.92294,242.39973,1260.96105,1237.4655,771.59583,1380.56135,1329.24777,266.92447,1277.34166,1265.49411,815.65723,1376.93534,1400.28494,-57.52952,1217.33005,1330.13329,539.89295
FicheiroCold8.jpg,cold,1125.68012,253.68526,-233.88917,1134.42713,226.16232,-179.58277,1144.17089,225.53992,-179.47498,1154.14536,224.76851,-179.52382,1105.51206,226.86918,-207.03846,1093.69446,226.58581,-207.14508,1081.87686,226.52259,-207.40714,1158.02228,235.42963,120.91821,1059.5382,238.26934,-4.13667,1141.28311,279.7568,-121.76754,1102.92156,280.84844,-158.55125,1224.69162,378.31352,264.59918,989.45311,389.16428,-11.15496,1307.76924,545.66066,-3.70504,1062.9219,571.83928,-133.39105,1145.24437,431.97985,-376.19916,1188.50574,452.14457,-130.25958,1100.34612,414.25366,-475.53142,1229.39007,431.18016,-169.49328,1091.22588,389.26719,-420.33954,1211.07672,396.74167,-166.06425,1099.33894,400.58144,-368.66475,1202.72149,405.40255,-124.31957,1202.3628,791.5537,114.57228,1060.37235,807.77123,-113.51944,1211.04376,1091.33351,171.91553,1055.76182,1114.72289,-105.17409,1210.04881,1347.86694,459.31219,1025.4326,1368.03955,218.70304,1186.25899,1392.83363,474.16855,1010.48583,1404.8392,235.41663,1302.85694,1425.20768,227.25357,1065.57986,1467.04096,-59.24956
FicheiroCold9.jpg,cold,1281.56389,274.26965,-339.47776,1296.63554,247.5645,-297.40501,1307.17418,246.8806,-297.46613,1317.87349,246.01487,-297.59971,1267.37801,249.76709,-287.67342,1256.85109,250.27851,-287.48889,1246.27614,250.97601,-287.71578,1333.47879,259.10133,-41.98799,1235.34471,263.19144,25.62655,1302.85192,300.27862,-243.26877,1265.11594,302.23408,-225.52272,1406.37094,402.10639,34.8104,1173.12484,407.15701,235.43072,1424.69716,584.87091,-146.15858,1139.93746,613.78984,-35.77307,1272.52476,479.13458,-408.49346,1282.84208,515.0858,-486.41519,1223.93523,461.67649,-488.32907,1324.0802,489.29921,-579.5298,1229.08713,426.85713,-452.75663,1324.5191,460.37878,-543.92811,1240.79169,435.69378,-395.15762,1319.59804,471.3188,-479.55583,1355.98115,776.2579,-95.90205,1218.71767,781.73046,96.39208,1352.37639,1086.20273,-181.17127,1239.38192,1073.69479,231.43039,1348.72966,1353.84891,123.70852,1263.33293,1304.62492,730.54683,1354.88398,1387.6589,138.50707,1284.48578,1341.68009,762.17201,1317.85289,1462.31787,-142.39709,1209.77317,1396.11425,510.16777
Fotografia11.jpg,default,1354.76013,482.34723,-897.7437,1366.73402,463.17106,-860.41141,1375.82182,463.04176,-860.32998,1385.18809,462.74577,-860.11323,1339.89447,464.23026,-859.99337,1330.2922,464.52569,-859.69803,1320.70526,464.96857,-859.31874,1397.13148,478.55205,-605.11105,1307.95708,480.45908,-587.61646,1372.87675,506.97222,-800.6775,1337.79114,507.59552,-795.89458,1469.72982,617.60167,-408.09373,1240.30696,616.12749,-409.92112,1510.92649,768.88178,-314.11193,1213.61147,772.03966,-329.08526,1518.29076,928.94932,-582.29037,1189.77518,909.89276,-586.31175,1530.10411,979.09796,-659.13785,1178.18391,953.74495,-652.8195,1504.76651,981.71502,-740.21296,1188.21233,957.075,-743.14296,1492.82454,962.62791,-618.65282,1205.01793,940.26549,-627.43394,1422.11516,919.82534,7.93149,1289.33577,920.67009,-7.53103,1441.76283,1183.12832,-66.90923,1280.57512,1170.63309,-59.6401,1438.24086,1344.6603,371.93377,1275.93254,1369.26993,307.34584,1436.73646,1357.10644,403.1897,1286.02069,1396.29553,327.88612,1419.1213,1430.19333,159.44242,1249.5817,1452.48768,41.54789
Fotografia12.jpg,default,1511.36345,352.76846,-1035.57657,1534.39676,328.81033,-993.35991,1547.76987,329.91617,-993.04886,1561.40601,330.84447,-992.89249,1499.32351,327.23235,-979.24664,1486.92437,326.58148,-978.87604,1474.3473,326.18104,-978.49592,1587.68436,353.18026,-704.61082,1466.48516,345.77706,-633.05577,1539.29194,388.40657,-925.26561,1491.22307,385.25615,-904.85081,1685.71507,553.7033,-477.75921,1371.1822,527.51442,-469.1977,1729.62248,795.54388,-354.65023,1318.22638,765.82312,-419.26509,1727.8427,1030.78116,-613.15974,1276.48859,978.12215,-708.54986,1738.97614,1103.09103,-688.85945,1256.67007,1039.48019,-786.90058,1706.46403,1110.13919,-779.4476,1276.23136,1050.66213,-901.73026,1687.84787,1081.22583,-647.0081,1305.50099,1026.90067,-761.07084,1595.31385,1012.98838,22.11964,1404.3325,1005.32198,-19.96185,1552.06922,1348.14048,-190.49646,1382.31307,1359.483,-215.8377,1564.34026,1626.04385,379.08346,1337.13286,1626.1441,442.57704,1564.00526,1665.30659,418.00084,1337.16969,1660.07177,483.84465,1556.97933,1736.3217,58.57274,1320.10543,1750.04705,144.94705
Fotografia13.jpg,default,1216.10657,424.94139,-541.94304,1233.86631,398.75985,-527.57031,1245.50406,397.23696,-527.3432,1257.38757,395.52768,-527.4395,1205.02308,403.69894,-492.13972,1194.89708,405.33689,-491.71454,1184.63448,407.18366,-491.38727,1285.37451,408.84251,-377.33618,1185.15242,421.92671,-195.94885,1245.65366,449.76143,-482.57071,1205.68548,455.13345,-431.10982,1391.80191,554.62096,-343.00599,1147.34834,590.14808,-19.33911,1469.37306,760.237,-401.69818,1139.61431,804.02713,-12.64664,1404.55806,960.62556,-597.27692,1096.25908,998.721,-304.76922,1397.06504,1030.95617,-664.85687,1080.20368,1058.13309,-349.37013,1357.15326,1024.1892,-696.824,1089.16131,1065.37428,-446.34235,1350.19621,998.44565,-601.30056,1118.2077,1042.72691,-351.71636,1348.52843,984.51284,-109.81319,1205.87384,997.49156,111.80058,1339.35554,1296.3602,-144.75333,1219.24604,1291.60887,105.58697,1364.0937,1555.284,194.90881,1250.59339,1528.63358,491.61048,1382.57635,1590.65964,218.31079,1269.7965,1564.88297,512.86822,1319.63666,1663.96385,-0.91636,1220.8591,1631.38132,306.3236
Fotografia14.jpg,default,1203.6164,420.97056,-692.58832,1220.38184,392.26453,-673.93881,1232.37968,390.63156,-673.77073,1244.59395,388.79354,-673.81644,1189.89362,397.15894,-645.15512,1178.75915,398.64831,-644.71359,1167.51679,400.34635,-644.34615,1269.95396,401.6593,-489.80469,1163.70526,414.9658,-336.96541,1232.71391,445.93969,-619.32706,1190.19476,451.25596,-576.08629,1373.93157,549.1765,-438.75332,1123.27013,581.19628,-121.93385,1449.55712,759.69283,-479.31919,1107.63418,793.49656,-108.58794,1402.73695,971.25501,-694.64767,1062.12303,989.93743,-384.8552,1401.22908,1042.23845,-775.31157,1043.50404,1048.43782,-427.79127,1357.2484,1038.50284,-810.19125,1053.61878,1057.72196,-530.9742,1347.43834,1012.36851,-702.53826,1083.56858,1036.25648,-433.07079,1336.50368,975.37668,-104.99265,1191.81773,988.55135,106.89101,1335.74756,1280.94973,-172.21362,1212.00241,1279.40889,91.46393,1353.04677,1535.10178,217.48073,1242.72353,1512.41261,521.719,1368.48973,1569.76845,245.02427,1257.98083,1548.97287,546.68939,1313.1879,1644.15516,16.51254,1224.94705,1611.35324,328.09565
Fotografia15.jpg,default,1293.46543,395.38065,-902.20688,1305.41242,372.28658,-856.30563,1316.70293,371.09752,-856.11805,1328.21154,369.74007,-855.71907,1274.08735,376.50374,-858.15346,1262.50458,378.10616,-857.88001,1250.79861,379.89851,-857.80392,1346.83529,385.28027,-590.47817,1238.77566,398.70861,-588.73533,1319.01482,422.99213,-803.50985,1276.67398,427.98233,-803.38039,1438.7328,553.64772,-398.66193,1163.91023,560.76,-506.89367,1489.21502,752.13055,-353.06366,1132.59855,767.21804,-540.86228,1537.176,946.57594,-623.65692,1145.89801,970.60329,-725.40433,1560.65323,1005.76538,-692.83133,1140.08294,1032.4589,-802.97349,1542.19967,1013.62893,-783.30709,1170.47048,1034.89743,-885.46674,1520.05703,994.69305,-663.23918,1188.66963,1010.44504,-763.52899,1391.82392,967.19599,27.68778,1221.92885,974.63914,-25.84715,1387.13975,1262.02646,-106.09532,1234.45713,1269.86057,-120.31656,1406.54088,1521.44131,321.71397,1191.28421,1505.67575,381.21984,1404.58291,1560.0543,346.25714,1189.36718,1539.09719,410.54374,1406.62444,1612.43626,43.31324,1181.95128,1604.72729,117.44302
Fotografia16.jpg,default,1267.70322,414.98601,-182.92642,1286.52306,375.11139,-246.17542,1294.03719,371.12117,-246.10799,1301.9037,366.94847,-246.09738,1282.1341,381.82202,-150.28895,1283.79403,382.47644,-150.16739,1285.16607,383.34788,-149.63982,1356.65939,364.84021,-410.95531,1331.77664,382.11316,31.88514,1305.11888,436.9688,-232.54704,1295.42984,444.68566,-104.7156,1532.171,521.77948,-531.43395,1335.96359,537.56378,181.50656,1600.46536,780.96897,-666.72845,1310.50806,777.15071,247.07107,1493.28712,1011.22293,-758.19118,1223.10096,968.96427,27.38564,1481.70462,1093.26694,-823.67766,1195.3661,1025.37563,-6.65598,1433.8344,1077.66026,-860.33133,1194.71516,1026.19137,-88.7303,1434.94599,1044.46472,-761.06016,1221.03664,1005.09676,-19.65882,1444.24982,1000.98693,-210.86041,1333.64719,995.57942,212.55984,1450.79681,1316.35446,-117.29946,1321.20209,1312.13957,402.76346,1463.8823,1584.13204,282.54157,1368.19581,1564.21005,817.09558,1482.41452,1624.21429,317.86446,1398.16762,1604.11377,843.39254,1388.32126,1683.15662,166.86207,1285.5348,1664.53686,729.79669
Fotografia17.jpg,default,1383.33917,369.45262,-1081.70408,1400.48673,336.30442,-1049.88856,1413.8525,334.83346,-1049.66846,1427.45323,333.18578,-1049.46402,1364.99544,340.12363,-1041.60986,1352.07667,340.92211,-1041.31581,1339.02698,341.9559,-1040.99111,1453.78462,344.2685,-762.34929,1329.60289,354.84258,-713.51032,1414.11758,396.81557,-965.59937,1366.59704,400.99578,-951.88193,1570.69053,520.73011,-509.54252,1252.02762,525.46135,-537.69873,1625.53569,756.01722,-381.13995,1216.96634,764.73221,-480.45779,1643.67846,982.11353,-651.45447,1184.10095,984.0043,-713.56317,1659.66961,1051.63476,-736.28086,1166.27941,1043.80906,-782.84836,1633.56172,1056.0892,-829.40132,1177.81145,1052.59048,-902.87346,1613.44683,1031.33615,-689.20964,1205.43172,1029.85745,-768.25107,1507.61463,992.6762,30.42111,1314.30684,994.48792,-28.31617,1504.12522,1334.19479,-234.71219,1315.73257,1345.37939,-238.80104,1537.29393,1618.734,336.91157,1271.18992,1614.8517,397.39455,1539.94752,1657.97802,376.84002,1267.34749,1649.73278,440.35933,1527.15815,1730.28196,26.20788,1265.97146,1734.60114,110.43509
Fotografia18.jpg,default,1279.7075,143.5834,-885.08327,1302.89736,97.57447,-831.13083,1322.53808,98.26773,-830.967,1342.58049,98.76117,-831.36534,1248.1364,96.63703,-836.32374,1226.62937,96.05656,-836.13931,1204.99193,95.79228,-835.91394,1363.8214,124.90374,-509.04051,1172.49025,121.20804,-516.72075,1314.3201,197.78455,-759.51199,1237.6257,196.04218,-761.4771,1516.72251,419.96831,-402.59972,1027.68984,414.03926,-396.32976,1601.95792,788.58524,-296.96035,971.16583,784.83813,-384.95437,1590.97652,1128.20475,-591.87873,945.92942,1096.58378,-606.36742,1611.72472,1245.56577,-688.65744,917.07305,1195.27903,-665.07413,1551.77619,1257.34457,-764.13905,960.2622,1214.29765,-797.40883,1521.57083,1209.98886,-616.45036,999.82212,1176.82775,-661.45308,1424.14033,1130.48535,-24.00952,1138.86681,1129.14734,27.84029,1439.97172,1605.31437,-205.4969,1150.07299,1596.96905,-103.53534,1453.03687,1999.6978,397.82128,1163.82783,1990.28835,579.45712,1455.55205,2049.07551,441.21153,1160.8426,2045.39783,617.56479,1424.91835,2168.111,101.69433,1205.84126,2148.49886,241.25518
Fotografia19.jpg,default,1432.06105,388.10307,-254.23207,1446.03965,370.2414,-192.13086,1456.56785,370.8323,-192.2512,1467.3148,371.25318,-192.43793,1414.16303,370.68129,-197.37008,1402.85076,371.2203,-197.24423,1391.44464,371.96433,-197.47137,1481.42846,392.66931,104.36839,1373.67537,393.16622,91.21919,1452.64059,420.37339,-146.43519,1410.72693,420.54754,-151.8576,1556.75351,556.49571,187.37504,1291.66479,547.56181,129.804,1572.97744,740.66932,21.5298,1275.40905,724.33325,-96.76316,1372.8456,696.33897,-279.9127,1498.84779,696.8994,-363.58784,1316.08224,703.63355,-375.46733,1560.22978,708.96565,-460.00964,1318.29423,674.8077,-345.21533,1564.75521,677.68762,-450.29424,1337.05806,673.5338,-276.00768,1543.98538,674.82855,-363.02004,1514.73287,976.39944,2.58463,1328.19853,982.96866,-0.76093,1534.44337,1318.13699,-114.46976,1312.9644,1335.58645,-63.57687,1546.32817,1643.41873,302.49418,1304.08569,1637.96968,419.62693,1540.27003,1689.50329,328.18468,1305.90925,1677.94567,444.90303,1562.50936,1739.56799,-8.95041,1301.88902,1741.10126,75.58564
Fotografia20.jpg,default,1395.38529,371.96681,-1335.18777,1413.6205,344.69744,-1276.9504,1426.07745,345.20901,-1276.8765,1438.51946,345.48431,-1277.18704,1378.04089,345.05192,-1277.86566,1365.2958,345.12074,-1277.916,1352.36841,345.49294,-1278.03946,1457.52135,368.38042,-903.70091,1337.50906,367.22136,-891.8293,1421.11107,407.71706,-1189.95812,1373.23196,407.74572,-1187.71756,1551.72778,548.94819,-474.32002,1254.91964,542.30786,-540.46574,1603.54793,736.1287,84.98914,1230.97481,736.00923,15.63936,1488.62472,850.23022,277.55607,1325.05185,824.92295,251.72906,1452.58381,895.62727,294.69172,1352.62616,861.46803,250.09451,1447.86334,869.73138,232.69542,1362.80547,841.13474,177.83128,1456.95075,849.07142,263.11609,1356.51288,822.63831,235.44672,1495.45405,969.39643,-11.66232,1306.06889,968.04932,13.21636,1514.95495,1330.91495,-124.36994,1299.70098,1345.2037,-64.35178,1529.32662,1658.7359,374.47,1294.64642,1663.81536,471.63666,1526.31537,1705.38746,399.90771,1299.19179,1707.79346,497.61703,1525.14379,1771.23642,-15.0643,1284.05075,1777.07394,85.72876
FicheiroGoal1.jpg,goal,1197.88038,305.89263,-993.33017,1207.48677,288.27162,-940.23299,1216.48933,288.75705,-940.16044,1225.83745,288.9939,-939.88453,1178.57324,288.41607,-954.20096,1167.61554,288.57595,-953.99664,1156.64882,288.91391,-953.9082,1230.07822,309.50091,-619.62343,1134.43563,308.72882,-665.64808,1211.6678,336.8812,-874.76273,1174.61482,336.52943,-888.32155,1292.7984,462.8401,-394.19908,1048.04858,462.77341,-447.97362,1357.66644,615.68945,-366.18829,976.13543,615.70807,-426.49547,1437.25852,749.58695,-758.07846,892.9006,757.57204,-721.0148,1469.98422,788.04048,-845.63195,859.90711,797.31191,-778.51303,1461.5287,786.28944,-946.7223,861.86849,797.91744,-895.13988,1443.21934,775.51031,-811.80187,885.08707,785.86776,-776.93235,1254.79308,794.41169,19.29058,1097.40814,808.27875,-19.03038,1354.54988,1043.3024,45.09758,1028.09597,1063.19813,-22.61559,1435.17516,1278.99914,381.9112,967.12275,1273.1805,383.91768,1425.22566,1320.11375,400.11991,984.50791,1305.14111,408.15544,1517.56425,1366.34645,114.55541,878.42272,1365.87748,110.66475
FicheiroGoal10.jpg,goal,1194.91935,272.09478,-1042.01181,1204.87606,254.32109,-990.62759,1213.87875,254.53434,-990.62689,1223.26009,254.49559,-990.3215,1175.49917,255.38029,-1005.74894,1164.61305,255.97016,-1005.60668,1153.72448,256.73598,-1005.49467,1229.10451,276.99241,-678.23275,1132.77647,279.60106,-728.9751,1210.19391,305.63808,-925.5074,1172.95103,306.34275,-940.34596,1304.53334,446.33589,-400.77816,1045.40761,453.74127,-523.04724,1377.72726,618.75944,-284.29097,986.83274,637.14124,-491.4527,1445.60359,774.90108,-541.72024,905.40223,798.47234,-708.66181,1473.65516,814.31514,-611.89906,872.16579,840.33317,-750.92263,1466.71935,819.10681,-714.97371,871.21488,845.98666,-873.07648,1448.61766,806.70848,-595.06455,895.43683,833.21789,-764.15354,1259.48407,788.45272,33.26126,1096.44808,804.67232,-32.90394,1347.3468,1052.78764,41.39343,1040.3235,1078.21798,-62.34064,1415.53469,1307.69011,373.67912,966.78396,1309.02366,354.55364,1404.83165,1350.92611,390.66883,981.69107,1339.62427,380.96292,1499.33445,1397.12869,116.31168,870.31179,1417.78736,95.96218
FicheiroGoal2.jpg,goal,1213.33905,297.16588,-907.45676,1223.77881,278.3403,-861.26796,1232.97784,278.30311,-861.14983,1242.50633,277.97256,-860.95131,1194.47891,280.15909,-872.84989,1183.67158,280.963,-872.70897,1172.86747,281.96847,-872.56014,1251.30213,298.27302,-552.42605,1154.49426,303.03833,-595.15976,1230.61033,328.29007,-791.39942,1193.40311,330.13229,-804.02168,1325.07438,460.65798,-300.4017,1075.71231,453.69016,-399.71131,1405.22819,610.27765,-236.91225,989.97215,598.86955,-398.03648,1503.40734,736.54593,-571.59196,904.73004,735.79405,-708.88254,1541.92763,772.40006,-642.44167,865.49945,774.84195,-773.40961,1534.79794,774.09805,-749.04822,873.49844,779.02491,-880.78148,1513.82521,765.23861,-626.11893,897.73128,768.83801,-761.84287,1276.17741,796.97863,38.33407,1116.72725,805.54951,-37.90494,1377.67615,1042.72511,19.46421,1040.61891,1070.20629,-47.06413,1438.09834,1289.79355,296.31653,975.85572,1289.62403,368.0973,1418.76338,1335.00169,308.75787,992.00241,1320.33219,392.4584,1535.12392,1371.58213,22.81992,891.77137,1389.46263,90.52462
FicheiroGoal3.jpg,goal,1265.32348,193.36461,-490.62107,1284.7967,175.75108,-438.13315,1293.79425,178.49672,-437.89213,1302.99946,181.08172,-437.90704,1256.55343,168.44346,-452.90205,1246.75173,165.34771,-452.87846,1236.87395,162.47337,-452.73942,1309.02773,198.13298,-108.34156,1217.26027,172.82567,-169.34928,1274.75425,225.01378,-368.25839,1240.29911,214.84421,-386.90951,1355.16632,337.10314,84.63473,1114.5535,313.25706,-28.88768,1449.21041,464.86987,-307.3386,1028.58656,474.79692,-442.60926,1355.04182,313.81652,-887.35319,1139.5171,326.19567,-901.87098,1333.78057,276.67411,-996.63186,1172.42536,284.83062,-988.82766,1325.35518,261.29505,-948.81436,1169.62771,266.51098,-950.30968,1324.88088,278.77398,-880.77111,1167.90573,287.09061,-889.27202,1309.86832,705.19112,30.16757,1157.39658,708.25935,-30.46177,1379.05643,1010.80175,-26.4426,1122.67802,1011.89086,-46.70255,1417.07308,1260.82406,399.48645,1087.44667,1259.86044,407.02328,1398.67694,1296.05833,429.59413,1101.73297,1288.51347,435.79731,1488.49339,1362.9025,137.03916,1030.6351,1378.67517,111.04255
FicheiroGoal4.jpg,goal,1227.4079,292.50961,-956.7746,1242.78146,271.46142,-899.28145,1252.86498,272.91751,-899.32162,1263.24217,274.12809,-899.21373,1211.99829,268.65765,-916.12613,1200.29308,267.5449,-915.8949,1188.50922,266.6217,-915.69109,1269.37434,296.03736,-556.17675,1166.0366,285.4548,-615.21961,1241.44765,326.67722,-829.36669,1200.76108,322.42762,-846.89939,1331.97929,449.44884,-320.87757,1074.23623,457.01232,-406.8188,1409.3711,605.09648,-304.02526,1023.05293,645.65711,-386.40901,1481.87482,742.52017,-760.47069,952.81276,807.91826,-688.54537,1509.61444,785.25673,-860.9085,923.84394,853.69082,-760.39975,1497.86829,783.06393,-962.64445,928.72554,857.191,-881.34049,1480.41252,771.1617,-817.66438,953.91412,842.0842,-744.85354,1304.63582,812.52419,24.37187,1141.93379,826.83638,-23.62674,1413.831,1074.22042,29.78772,1057.95495,1091.96634,-1.33516,1487.50978,1304.24186,441.45727,978.67314,1302.38757,498.83181,1476.01057,1344.46298,466.1496,994.26087,1335.22802,532.39214,1568.93752,1396.11588,177.2591,880.63252,1405.01395,232.88154
FicheiroGoal5.jpg,goal,1226.50565,265.89468,-763.41756,1242.28116,245.49113,-705.79702,1252.85429,246.24232,-705.71327,1263.79397,246.78988,-705.67245,1210.11319,244.61592,-715.58854,1198.39704,244.29298,-715.3183,1186.60725,244.13608,-715.04884,1273.80578,267.93011,-374.1979,1167.62674,263.37902,-406.50543,1244.8629,298.62106,-640.87986,1202.93444,296.7454,-651.00695,1342.97639,427.5766,-158.72741,1075.98827,427.67231,-226.51638,1438.00628,587.32043,-141.8509,976.38442,604.10244,-208.64481,1532.88631,727.00619,-623.64836,867.70777,756.84669,-494.89598,1568.1111,772.02979,-725.90039,829.74011,795.09284,-543.0301,1553.69708,767.83061,-828.733,826.19329,802.59873,-673.75586,1534.51778,756.20999,-680.06107,854.63136,792.9354,-557.01495,1298.66059,812.12216,35.1518,1126.31536,821.75494,-33.72754,1387.32734,1106.16806,-59.83198,1073.79592,1122.72875,-155.4638,1449.45528,1388.37404,295.6764,972.15196,1387.8279,278.55369,1439.68217,1431.45092,312.83558,978.77852,1418.05936,303.29189,1509.79275,1495.89071,-25.89629,889.55835,1517.06669,-32.48346
FicheiroGoal6.jpg,goal,1192.33246,260.33338,-824.59227,1202.71106,242.39732,-769.72522,1212.01979,242.54461,-769.69535,1221.70638,242.44693,-769.62357,1172.66689,243.80083,-781.91013,1161.50113,244.5224,-781.65263,1150.34348,245.42513,-781.42031,1227.74393,264.48298,-451.81302,1129.07284,267.50422,-489.13399,1208.48159,292.24427,-707.4888,1169.93503,293.45341,-718.99677,1299.4919,427.61682,-242.1396,1038.5685,432.39347,-282.94586,1387.39557,580.31025,-210.34038,954.35778,590.81391,-240.59754,1481.63342,711.14403,-604.26255,859.88915,733.7172,-529.44012,1515.91887,749.88419,-689.97992,824.39838,772.28093,-574.02275,1508.18124,747.40334,-792.83004,822.81203,775.90951,-700.58943,1488.6963,737.74747,-658.91466,848.3707,766.28283,-589.56503,1251.30805,779.23965,10.17892,1085.42484,794.89388,-9.58989,1347.84003,1054.01304,-39.07148,1034.00645,1078.86343,-40.83019,1408.5873,1323.08899,266.14132,985.73756,1317.91434,356.85536,1395.50812,1368.09328,279.89748,1006.25401,1352.36283,379.82719,1485.90985,1415.24669,-24.96536,893.40638,1418.531,69.56233
FicheiroGoal7.jpg,goal,1217.35657,268.11698,-796.17834,1229.4314,250.40554,-742.13642,1238.79806,250.95078,-742.08994,1248.54079,251.27385,-742.02976,1199.12394,250.66132,-751.86795,1187.86381,250.9328,-751.58342,1176.56519,251.36564,-751.24321,1254.63807,273.38538,-429.44485,1154.58464,272.68343,-460.92956,1233.03861,300.90748,-682.15178,1193.72163,300.35407,-691.70254,1324.22904,435.13357,-246.9468,1059.8152,436.69444,-264.86963,1426.07088,585.5591,-240.22769,967.45035,596.1891,-246.19893,1523.54811,730.47606,-649.0795,877.08615,746.21578,-557.73103,1559.81612,775.82565,-743.76242,841.69895,788.46851,-618.3184,1542.42022,774.18388,-839.88163,847.22505,791.88166,-732.53531,1522.72491,760.99471,-701.00226,872.35486,778.7184,-614.1272,1270.5749,791.25604,5.88437,1100.88814,802.76095,-5.01015,1372.89143,1069.8264,-44.33242,1038.68772,1081.13211,-98.87351,1445.76516,1342.72525,257.26357,941.49045,1325.8275,295.35428,1435.51157,1386.97603,272.39693,952.60567,1357.10489,319.00344,1512.88691,1436.87027,-31.96031,851.07443,1438.62516,13.91878
FicheiroGoal8.jpg,goal,1181.96158,294.51385,-901.45429,1191.6492,275.9524,-846.30838,1200.47951,276.12149,-846.21607,1209.69154,276.03634,-845.97795,1162.78074,276.94121,-860.87432,1151.89204,277.35262,-860.79385,1140.97013,277.92535,-860.73662,1214.15324,296.23492,-525.30377,1119.14742,298.17236,-575.39769,1196.34818,325.58417,-783.71109,1159.51844,326.33918,-798.27639,1279.18582,450.16582,-292.46847,1032.94603,456.06454,-382.9142,1367.86918,591.00789,-262.85287,944.43725,603.59303,-371.01285,1456.43061,731.14357,-648.62219,843.74125,740.29793,-653.15772,1492.18622,769.65486,-734.60356,805.88193,777.07758,-708.02973,1480.87523,772.48993,-835.60083,806.54162,780.4721,-823.3332,1461.93553,762.04236,-703.88359,830.98663,770.45102,-709.59052,1237.23199,795.32999,27.58692,1078.59828,809.96919,-26.86156,1343.8565,1043.64255,10.64636,1007.67814,1059.18812,-55.94388,1424.18591,1288.73757,310.44927,934.00676,1272.03295,345.754,1413.29438,1332.2521,323.75494,949.07372,1302.03446,370.33661,1509.12675,1370.10893,29.20368,840.12715,1367.74155,76.85276
FicheiroGoal9.jpg,goal,1186.50052,279.4853,-958.09772,1195.6599,262.34317,-904.27969,1204.37845,262.23623,-904.23051,1213.46329,261.89432,-904.0314,1167.16235,264.45761,-917.56177,1156.62372,265.49252,-917.43947,1146.0744,266.69161,-917.28079,1219.37325,283.50009,-589.87222,1126.75657,289.17887,-633.14891,1202.50983,310.67585,-842.46782,1166.11758,312.76115,-855.00305,1291.36545,445.97767,-356.80904,1043.92028,453.84676,-419.92208,1366.37662,610.4776,-293.84676,964.10153,618.9638,-381.86073,1445.90627,750.08477,-634.54536,871.13834,763.53393,-632.26224,1477.60869,787.68497,-713.54669,836.27977,801.11403,-670.94862,1469.27779,787.97258,-816.82985,833.18047,805.5047,-791.90719,1451.15087,777.14006,-688.69941,857.35047,794.68351,-689.12222,1248.97685,783.95588,24.76124,1089.01982,797.6554,-24.65853,1355.66109,1050.82675,4.01475,1029.44143,1061.89633,-46.30943,1425.55126,1309.18802,313.68507,949.49736,1293.35226,359.48087,1412.06975,1354.74987,328.77836,964.3289,1327.63819,384.25055,1511.33564,1391.30387,39.354,854.48465,1389.4362,90.17614
FicheiroHot1.jpg,hot,1398.37426,246.74581,-585.78917,1416.92798,233.05736,-535.6302,1426.88687,235.15712,-535.388,1437.15025,237.06342,-535.26421,1387.96244,230.20928,-540.98188,1377.78841,229.52499,-540.71126,1367.56482,229.02743,-540.91815,1449.48811,264.11199,-259.48639,1352.73984,251.46551,-279.47259,1413.86048,283.43641,-481.10358,1375.99473,278.3442,-486.90533,1508.36483,438.17708,-112.629,1262.03608,394.54754,-124.90189,1542.74491,626.69033,-117.10639,1055.05198,437.71557,-492.45776,1554.65585,796.31704,-394.81799,1179.74264,318.76913,-974.5411,1566.58404,855.23844,-451.21847,1210.99651,284.44483,-1080.90766,1545.60269,851.23959,-523.96832,1235.90076,276.38361,-1050.89406,1531.83124,831.02783,-425.90266,1232.71687,299.96461,-975.8142,1445.94013,783.983,8.98435,1304.84375,780.74135,-8.71307,1464.11379,1072.39077,-58.2185,1290.88021,1062.97402,-24.18749,1445.87125,1347.26698,240.82407,1299.41967,1317.79272,345.26322,1422.27854,1388.04188,251.85143,1324.80865,1360.02417,361.89567,1492.38539,1442.84391,-39.90091,1219.20266,1403.48986,76.8099
FicheiroHot10.jpg,hot,1277.06447,262.2579,-474.83951,1292.62472,240.7298,-427.41317,1303.41634,240.63054,-427.29012,1314.44163,240.38159,-427.27413,1262.18388,242.42685,-428.13975,1251.08597,242.88368,-428.29074,1240.0469,243.63191,-428.33969,1331.83677,258.66846,-152.19162,1228.63562,262.67525,-137.97656,1300.14271,291.08512,-374.46627,1259.65273,292.34447,-371.94285,1415.04365,390.15906,-13.95595,1167.77943,426.19366,-32.46787,1599.21395,418.10364,-359.54293,1136.7219,632.29516,-72.52024,1485.79359,277.80302,-718.82418,1113.15777,796.68371,-211.68677,1460.91921,238.7681,-793.90012,1093.03077,843.72288,-209.7906,1442.67049,240.72659,-753.0116,1111.35159,853.482,-284.24156,1444.16099,267.27494,-713.32782,1134.69286,838.27168,-238.93567,1383.22832,769.86008,-8.83294,1240.17603,777.60836,10.01575,1412.03718,1048.75669,-31.963,1235.56795,1057.60317,22.9221,1427.21221,1316.79502,180.3721,1248.37792,1315.47976,300.46405,1408.04657,1358.1776,185.9005,1271.51127,1352.42884,307.91616,1498.86415,1406.80575,-90.82328,1191.59346,1419.03671,13.1909
FicheiroHot11.jpg,hot,1496.88468,251.77085,-419.19863,1515.5186,232.89385,-365.5612,1526.91945,234.61827,-365.53406,1538.53067,236.20833,-365.45759,1483.52972,229.55418,-372.53286,1471.57359,228.34559,-372.53669,1459.62519,227.4412,-372.49687,1551.79576,259.68967,-74.64877,1442.15834,247.57081,-90.57556,1515.18785,286.33701,-314.33115,1471.54385,281.16383,-320.97065,1610.68252,416.12546,73.44237,1356.00137,407.90859,4.36353,1738.6002,550.01781,-259.38775,1315.58374,610.33906,-62.69594,1664.43154,362.13736,-677.2246,1264.02713,773.59938,-254.17306,1643.74154,312.77117,-750.15305,1234.13012,823.71566,-259.40909,1635.90142,296.82492,-713.43623,1253.82221,831.32618,-336.17787,1631.10808,322.52491,-673.28201,1280.33192,816.81968,-281.81924,1534.11391,794.26088,6.878,1384.2055,783.17096,-5.59162,1522.82005,1083.37272,29.33166,1326.12405,1055.00696,30.31165,1481.83967,1342.05594,353.30161,1291.83795,1306.28171,385.30594,1452.78259,1379.3704,373.48329,1309.35887,1347.04004,402.78673,1545.48643,1444.11524,149.94671,1207.19271,1405.20175,129.82306
FicheiroHot12.jpg,hot,1345.82824,246.86635,-392.58714,1360.65464,230.35369,-337.12744,1370.88647,231.35478,-337.00751,1381.31876,232.17403,-337.02181,1330.61548,229.69897,-345.9104,1319.50792,229.67812,-345.98765,1308.46151,229.91728,-346.02202,1393.43376,254.74488,-51.2051,1292.70853,251.97628,-84.50334,1364.68516,279.669,-289.98328,1324.70462,278.21621,-301.88148,1461.89755,404.06509,60.35286,1215.48769,417.06758,13.73426,1601.92934,490.07216,-291.94315,1176.01622,607.6881,-25.46681,1510.70492,329.81695,-690.04249,1148.11026,774.75037,-145.26648,1491.32529,284.18502,-774.83856,1126.03482,821.01199,-141.66343,1478.8695,279.77105,-731.12748,1143.34704,829.84097,-213.52362,1475.68252,305.34499,-684.03495,1164.21638,814.05267,-169.47552,1418.09545,767.92374,13.75075,1273.97161,770.19267,-12.61612,1445.09066,1045.76952,16.73325,1265.0589,1047.83572,-17.8273,1452.50772,1320.04337,241.6068,1268.70898,1304.73624,261.77149,1430.96992,1362.4857,247.31529,1288.02063,1340.17264,267.99056,1525.19348,1404.87808,-20.82633,1216.31746,1406.44655,-24.55473
FicheiroHot13.jpg,hot,1263.24075,253.77976,-455.92894,1278.51789,234.18929,-405.0776,1289.20612,234.75444,-404.9971,1300.14863,235.12888,-404.92987,1248.42607,234.35215,-411.17414,1237.10312,234.40026,-411.36446,1225.87569,234.7447,-411.41532,1314.72384,255.82579,-133.1996,1212.11712,255.76129,-147.39042,1284.04714,284.84804,-358.81246,1242.99956,284.59742,-364.54468,1385.31684,395.32851,-9.61461,1141.69652,423.83748,-75.12019,1552.75002,394.2425,-347.39661,1106.06129,626.32035,-120.10532,1447.63249,263.63565,-671.63426,1078.00122,802.45557,-235.68189,1426.47205,223.52963,-743.06964,1054.71499,850.45621,-242.34592,1409.66143,232.33771,-700.52461,1074.63625,861.19629,-313.47519,1409.77163,259.21769,-666.84915,1098.12281,846.1851,-262.09958,1357.68202,788.445,4.32787,1211.81173,795.32218,-2.82672,1411.41199,1065.83253,-93.98191,1225.82033,1074.41371,88.42027,1447.27612,1343.29576,34.36188,1247.38053,1317.34177,425.28413,1431.33183,1386.73141,30.0964,1264.53298,1350.67472,439.70327,1515.97578,1431.71811,-258.43722,1214.97734,1420.7305,148.15471
FicheiroHot14.jpg,hot,1429.21409,258.28469,-546.21296,1445.25443,241.17561,-494.10893,1455.86323,242.86252,-493.9704,1466.70609,244.41997,-493.69877,1414.35679,238.14982,-501.89394,1402.89466,237.11174,-502.06347,1391.53901,236.36205,-502.26042,1479.03944,266.38537,-203.18453,1374.87953,256.75326,-238.88273,1447.18291,291.90502,-441.32492,1405.77343,287.44077,-452.37397,1547.90763,401.36709,-47.04541,1295.82277,421.74866,-148.51869,1733.63151,391.05526,-376.20154,1253.94078,625.2806,-193.9595,1688.08129,228.04171,-760.50636,1234.30688,795.50817,-385.67944,1685.32419,177.26917,-845.33969,1212.37075,848.60682,-412.52437,1667.88413,185.22009,-814.94938,1236.91064,851.5866,-490.39554,1660.85974,212.99237,-767.16484,1258.07636,834.07791,-414.26885,1503.50454,786.20027,9.36808,1355.85936,783.29885,-8.11677,1496.1476,1064.83252,-18.71966,1304.96644,1057.41554,17.65745,1458.06041,1340.04716,219.75657,1271.89287,1307.61766,346.42171,1430.42559,1383.51242,225.73707,1288.91941,1346.77637,357.17671,1511.51409,1430.8671,-43.58097,1194.37244,1406.4154,51.36801
FicheiroHot15.jpg,hot,1254.19969,275.15868,-478.92549,1269.52214,255.97818,-427.13801,1280.26729,256.97959,-427.0401,1291.26851,257.80885,-426.98895,1239.29734,254.91998,-435.62504,1227.75448,254.53344,-435.80114,1216.31475,254.42242,-435.79647,1303.86437,279.49914,-155.86218,1200.85442,275.24533,-185.03808,1273.40332,307.2976,-381.68934,1232.24785,305.38623,-391.80344,1369.14634,415.80033,-16.81899,1127.17512,440.31238,-124.95367,1551.7534,416.83348,-329.43783,1096.50885,640.40551,-181.77316,1462.01188,272.4456,-665.44653,1072.47962,808.5456,-311.40543,1444.66116,229.96016,-740.06258,1051.1925,854.76946,-325.18406,1427.80432,235.32496,-698.35299,1069.58071,863.64186,-387.4711,1425.66713,262.3718,-662.13628,1090.68837,848.82028,-334.61129,1339.03251,800.91285,22.8211,1193.16557,807.44182,-21.23757,1403.57522,1071.74875,-64.45159,1218.50408,1075.17211,75.48721,1447.81042,1335.23403,118.42369,1244.84024,1302.7042,472.36768,1430.89976,1379.03944,121.81966,1260.15304,1335.03396,493.2799,1531.97775,1418.31307,-155.75401,1225.49731,1401.81942,201.77535
FicheiroHot2.jpg,hot,1335.18468,252.58246,-495.99416,1351.26892,241.18205,-440.20547,1360.59837,242.95127,-439.98799,1370.2157,244.51279,-439.8754,1322.73082,239.05671,-451.08873,1312.84647,238.66884,-450.88979,1302.94719,238.43963,-451.41317,1381.44248,269.56396,-153.5879,1286.90749,259.91562,-205.08741,1350.33088,286.19679,-388.86204,1313.96733,282.05097,-403.57234,1444.07382,433.33687,-17.40569,1197.46608,387.43647,-81.38227,1479.41101,615.08276,62.73094,1034.41051,451.62821,-448.46485,1490.74787,782.11842,-141.93528,1115.30847,341.02543,-1000.25155,1505.45131,838.90297,-190.06667,1133.19155,312.27245,-1106.78922,1486.84326,842.89521,-276.18741,1152.00675,299.62729,-1114.58376,1472.78265,822.45687,-178.26282,1152.44784,318.90225,-1015.9997,1376.00966,755.51597,32.50451,1231.58262,754.1068,-32.56472,1401.89289,1030.62607,-11.66684,1204.22666,1039.40689,-52.47704,1388.8553,1307.97549,245.56114,1191.84734,1300.86082,318.63748,1361.48389,1349.65633,255.18613,1214.60411,1341.37968,336.49404,1454.53006,1395.10111,6.32654,1117.80885,1385.80178,76.47675
FicheiroHot3.jpg,hot,1356.49498,252.77687,-466.46455,1373.49718,239.51646,-414.45208,1383.32475,240.83027,-414.19997,1393.46865,241.94191,-414.11435,1344.72656,238.82655,-420.09624,1334.81312,238.94315,-420.00017,1324.88204,239.21575,-420.55291,1408.58266,267.47409,-145.71371,1312.71978,261.99243,-172.50523,1375.15157,286.25015,-366.96131,1337.9065,283.88901,-374.23652,1477.0547,435.49401,-1.39465,1228.26934,395.70175,-63.62528,1510.65561,618.51929,87.94321,1070.91787,483.19137,-400.42832,1526.42777,780.34979,-128.39171,1146.48497,351.53491,-948.08643,1542.55424,836.34582,-176.34642,1164.63159,318.35401,-1055.11635,1527.41602,838.89155,-265.04785,1182.98112,301.58825,-1065.62222,1512.50504,818.71516,-166.31802,1185.26289,321.9758,-964.06259,1402.88127,761.89027,28.79328,1257.78128,760.15932,-28.48643,1423.9279,1045.2087,-37.01137,1249.6359,1047.808,-62.99053,1424.60421,1327.58617,207.86155,1250.80891,1311.96911,292.29988,1401.30723,1371.79147,215.80825,1268.80837,1351.99162,308.33127,1486.59156,1412.82729,-56.53315,1202.75445,1398.42233,34.37329
FicheiroHot4.jpg,hot,1387.94815,239.98166,-623.75032,1404.91623,222.59382,-573.89838,1415.18167,223.59027,-573.70545,1425.76009,224.35048,-573.5733,1376.25865,222.19488,-577.68602,1365.80808,222.12922,-577.59391,1355.30897,222.2702,-578.0637,1441.52375,247.6587,-304.25308,1343.14003,243.06474,-310.38908,1407.09423,274.03497,-522.66737,1368.69392,272.13096,-523.66387,1517.52962,418.16312,-135.53819,1255.03409,391.71693,-150.31695,1561.8292,607.71101,-72.57998,1069.09695,490.97703,-449.96816,1568.4658,781.50945,-298.94716,1146.24833,354.77613,-948.86856,1581.13067,839.09901,-342.61749,1168.75996,319.08288,-1053.31932,1559.68944,840.69692,-424.06349,1190.67163,297.8794,-1046.27343,1544.14979,821.50509,-331.42351,1194.20352,320.99999,-956.59371,1447.95153,783.52252,0.80102,1300.24944,784.82843,-0.45286,1463.30475,1064.39341,-48.73354,1291.57827,1066.95631,59.24805,1447.80192,1334.49752,273.41473,1299.21214,1311.33096,509.97923,1425.4426,1375.3573,287.15985,1325.5649,1352.92468,536.72242,1498.27964,1430.43331,15.96991,1213.67958,1396.80433,282.52474
FicheiroHot5.jpg,hot,1428.99857,252.93188,-411.52884,1444.86561,236.30841,-365.40348,1454.95003,237.23272,-365.29221,1465.39172,237.92773,-365.30773,1416.72418,236.0504,-367.25694,1406.38291,236.17078,-367.12498,1396.00997,236.4508,-367.49071,1479.16652,261.34161,-134.21365,1383.45981,257.79312,-127.27317,1447.39792,286.60386,-327.30309,1409.82493,285.15182,-324.0874,1550.55696,430.20092,-13.64437,1303.51792,404.549,-30.64223,1591.09755,619.17684,45.00663,1211.78302,553.46422,-346.0722,1593.46622,784.93032,-132.09683,1277.95617,371.24837,-823.37098,1609.48081,842.21535,-164.55816,1295.36945,320.64229,-909.52178,1583.23039,846.42303,-234.95465,1300.29038,300.30523,-903.84665,1568.25684,825.09676,-157.06649,1308.16436,325.18939,-831.67871,1477.81404,785.9293,5.81058,1333.94254,780.43159,-5.77228,1494.15951,1069.49441,-83.47972,1312.51868,1056.54711,84.29532,1491.36701,1332.18558,111.50222,1308.53477,1298.11209,459.2884,1469.18278,1369.08505,116.10863,1328.67631,1335.5789,479.84548,1545.93395,1431.83724,-141.18306,1244.04974,1390.82631,236.31188
FicheiroHot6.jpg,hot,1405.20578,254.85522,-445.69475,1423.22855,237.49562,-400.51137,1433.61978,238.46696,-400.38069,1444.35089,239.20052,-400.36134,1394.61552,236.61796,-401.15201,1384.52621,236.36287,-401.03189,1374.41939,236.27429,-401.46071,1462.32628,260.04109,-160.11993,1365.28421,254.65558,-153.79922,1425.49294,287.71515,-356.91062,1388.25431,285.36829,-354.2375,1539.62746,428.03945,-9.68342,1280.81356,397.16748,-45.63552,1571.7559,613.59758,86.91943,1180.71519,538.68203,-315.26682,1573.95849,777.71144,-132.43602,1222.86922,385.6723,-820.30239,1589.89081,836.24634,-179.16325,1233.38094,344.72707,-918.28803,1566.79635,841.81357,-257.13354,1241.80415,324.62235,-926.0453,1550.22197,819.61827,-163.23476,1251.81313,345.57165,-834.56584,1462.80187,783.32897,12.417,1313.82365,778.7154,-11.99471,1483.48183,1058.08494,-77.78558,1301.66423,1058.51864,48.99533,1480.94386,1324.43653,133.21885,1300.64263,1299.54031,464.6332,1457.29282,1361.71091,139.18956,1320.26314,1334.65854,489.42724,1541.65508,1426.2095,-120.0804,1242.73692,1398.03257,243.63043
FicheiroHot7.jpg,hot,1310.14255,255.64396,-214.14049,1324.00901,242.19373,-158.44559,1333.54317,243.46497,-158.20927,1343.43537,244.51249,-158.16373,1294.96983,241.73969,-174.88148,1284.31274,241.85268,-174.8198,1273.64214,242.09177,-175.40963,1352.51505,268.25944,98.80832,1255.35223,263.50635,19.66451,1325.95179,289.2568,-120.57594,1288.56664,287.23081,-143.20428,1414.38937,430.2822,163.09185,1165.95034,388.66372,58.07251,1445.18181,620.31487,206.44513,989.22285,436.4236,-372.79138,1467.167,790.67187,44.31651,1103.70472,330.85763,-840.14724,1486.30587,849.03708,24.46996,1133.98012,308.85989,-913.95399,1469.72879,850.3133,-52.23635,1152.05967,292.58358,-906.50062,1453.8293,828.74705,15.3065,1148.4271,311.73054,-844.65418,1366.62948,752.44589,52.15064,1212.68605,760.17142,-51.65791,1425.99621,1038.6272,-15.94239,1233.35056,1039.66842,-100.68984,1470.52328,1333.09702,109.10914,1260.4637,1319.26867,140.75992,1448.74782,1383.86716,107.27394,1277.48444,1360.81724,145.70161,1561.49793,1411.61373,-146.21111,1247.81878,1406.75245,-110.61512
FicheiroHot8.jpg,hot,1445.99497,251.12931,-466.34777,1462.21697,237.08187,-415.06553,1472.05008,238.40667,-414.85731,1482.17364,239.53217,-414.72882,1433.04402,236.18254,-425.12075,1422.62422,236.16644,-425.05313,1412.19347,236.31716,-425.69702,1494.82564,264.31857,-149.70421,1396.85738,258.42157,-199.4566,1463.02717,285.26743,-367.62271,1425.22566,282.66267,-381.32563,1560.52139,434.08888,-14.86681,1307.33575,395.29049,-89.1058,1589.86699,626.30645,80.7528,1128.50391,483.42706,-395.74219,1592.44371,788.79699,-133.81981,1220.69547,357.24359,-889.71111,1602.64336,842.47516,-170.27804,1247.36135,326.86004,-984.37755,1590.2101,845.20741,-253.58297,1264.03383,305.89148,-987.87758,1576.58092,824.96278,-168.63254,1263.94216,326.01813,-900.32802,1493.13456,776.02169,35.08491,1344.89149,773.43578,-34.78537,1503.66998,1058.81613,8.19196,1308.7696,1058.94882,-44.34589,1485.41121,1339.22507,259.31785,1288.90924,1320.00003,303.74434,1457.2363,1383.42934,269.28713,1307.62904,1359.11427,319.66475,1555.68569,1428.3829,28.26738,1222.65073,1413.77254,60.94264
FicheiroHot9.jpg,hot,1328.09566,251.79909,-535.08106,1343.40782,230.87043,-482.94195,1354.32303,231.00029,-482.82897,1365.48248,230.99334,-482.77944,1312.18639,232.00842,-488.187,1300.62242,232.3402,-488.34207,1289.1666,232.98423,-488.40799,1381.71285,250.72608,-191.4116,1276.15836,253.10955,-204.84986,1350.72227,282.19379,-429.43242,1309.20875,282.76403,-435.34077,1462.77277,396.45109,-63.29737,1202.98194,415.12768,-109.70952,1616.95387,435.85356,-421.70769,1163.52257,612.22871,-146.44942,1517.70664,250.32331,-763.62317,1132.75626,795.90188,-285.81082,1498.0909,196.02365,-837.86515,1108.1986,846.7218,-286.27752,1484.30876,198.14057,-791.63161,1127.1083,859.08545,-364.00939,1481.9316,227.632,-756.46347,1151.88406,842.11527,-314.70918,1405.27608,781.50207,10.95145,1252.75387,780.81851,-9.8036,1426.02801,1059.02212,7.67272,1244.64068,1058.37049,25.11372,1432.13842,1319.63387,288.39343,1255.01877,1307.06483,394.23767,1412.08958,1359.36361,301.56621,1273.35427,1340.51614,410.71471,1502.94514,1414.0587,30.53109,1213.58817,1418.66464,107.81495
Fotografia21.jpg,righArm,1294.05071,397.81511,-519.19989,1308.81324,378.90494,-455.29325,1318.19432,379.59764,-455.08581,1328.02614,380.18188,-455.32631,1281.00719,378.6377,-462.112,1270.99036,378.43922,-461.62965,1260.77076,378.6962,-461.95374,1338.79742,398.36825,-148.1431,1247.15085,395.33448,-174.17323,1309.95329,427.72475,-407.49513,1274.88853,426.48415,-414.17396,1390.70332,566.76746,17.21604,1193.33591,521.68609,-158.72194,1423.95507,770.50115,-79.72599,1136.15464,385.56364,-133.45117,1486.23107,938.00892,-518.32831,1096.52636,186.73874,138.03005,1514.37418,994.95844,-577.85841,1093.69626,135.7487,123.72016,1507.61991,992.68513,-675.19042,1085.9406,127.98995,113.73327,1486.02186,970.25156,-574.4796,1089.12397,145.98272,127.11934,1410.85735,957.42528,48.1942,1267.55619,986.39563,-46.74867,1452.3258,1287.0928,18.806,1261.82081,1321.18372,-158.76476,1455.91807,1608.22334,455.4256,1216.03023,1637.72455,247.05714,1441.94668,1656.52216,480.28785,1214.24787,1677.77985,258.21637,1491.11222,1706.20594,151.19842,1212.90904,1746.19446,-149.00779
Fotografia22.jpg,righArm,1383.98805,394.46025,-199.9277,1382.51404,375.07346,-129.51597,1385.89401,376.40465,-129.46912,1389.78368,377.61422,-130.09919,1366.79209,370.93015,-192.85192,1358.68302,368.67345,-192.45905,1350.6297,366.89096,-192.88291,1373.32286,393.37749,141.01596,1320.78585,381.24237,-133.91552,1382.27109,426.33124,-99.40295,1360.35067,419.72026,-178.47729,1381.55411,564.62688,373.8656,1243.45313,499.22639,-367.49512,1385.98091,745.31679,564.55895,1236.43866,376.30714,-957.30973,1411.24874,907.77781,451.87569,1232.35484,163.10698,-1278.08247,1410.88336,950.91691,479.18894,1220.45613,101.4045,-1412.26145,1416.53247,956.84283,373.91157,1222.75695,109.61678,-1351.58988,1408.69506,940.21537,397.12757,1236.98956,131.87841,-1274.34317,1394.62003,945.89942,235.9268,1315.2387,963.48544,-234.11385,1335.14541,1282.6987,276.49714,1314.58467,1301.27066,-315.14737,1264.30728,1573.55667,599.88853,1276.61991,1621.95883,-128.84583,1238.76137,1620.07381,622.1607,1245.43762,1672.4592,-121.34517,1326.82481,1658.77367,487.65405,1344.02065,1711.8742,-352.38346
Fotografia23.jpg,righArm,1545.8025,379.48112,-864.49923,1567.72769,356.05134,-815.93043,1579.27686,356.81663,-815.88987,1591.30135,357.47902,-815.91202,1537.62211,355.98673,-801.0226,1526.92988,355.91257,-800.63733,1516.14122,356.22787,-800.84146,1617.34358,380.60297,-527.26483,1513.07655,376.95293,-458.52034,1572.76398,412.69026,-757.18078,1530.4955,410.98223,-736.61135,1703.36357,580.82481,-313.72209,1443.16102,498.74333,-346.96299,1740.0034,797.53816,-200.0223,1292.31534,378.82713,-688.39171,1735.75891,993.59691,-550.01799,1151.68167,209.30869,-1168.18099,1741.76838,1062.64212,-623.55457,1107.90532,164.03928,-1289.22659,1720.50868,1054.73702,-734.10119,1119.76373,157.70754,-1349.75204,1704.67704,1027.07491,-598.81698,1138.00344,180.21132,-1218.60309,1622.28473,988.96111,8.46456,1457.91917,984.57232,-5.84618,1636.50601,1298.2477,19.67823,1461.58071,1290.92943,-72.02584,1678.46435,1550.75626,525.45746,1473.8672,1578.17179,469.8647,1678.74102,1589.65044,554.58139,1488.2108,1612.74387,495.0424,1691.52833,1648.04672,211.59732,1464.66881,1696.46313,106.46022
Fotografia25.jpg,righArm,1550.14227,399.44169,-927.11988,1570.42454,372.21757,-878.95953,1581.95838,371.5677,-878.90198,1593.91798,370.78471,-878.97736,1540.02399,375.34022,-865.71259,1529.21602,376.23243,-865.4206,1518.35114,377.51633,-865.62936,1620.31839,390.09632,-572.51095,1515.91849,396.64945,-514.67659,1578.88354,428.19012,-813.78752,1536.74393,430.78217,-796.06395,1711.16764,574.1743,-316.69496,1464.25992,517.66093,-351.6348,1758.58442,784.74011,-87.93212,1315.62777,403.45599,-635.51449,1763.45887,979.97807,-274.33504,1168.53659,227.74787,-1036.35767,1774.78878,1047.52665,-313.17601,1128.70759,179.32872,-1136.55234,1756.4211,1044.11393,-427.80179,1131.57463,171.37469,-1191.38025,1739.27148,1018.47528,-319.95118,1148.42002,194.13803,-1082.82675,1651.25168,976.37369,19.10421,1489.47186,978.82433,-16.61311,1660.21897,1295.30379,15.78201,1473.34591,1296.4789,-142.77821,1687.16758,1555.81358,560.08638,1451.48161,1588.05073,412.28564,1687.96361,1594.6312,593.35899,1463.32651,1623.03188,437.89799,1686.47879,1652.13295,217.65537,1433.52399,1699.69276,10.31337
Fotografia26.jpg,righArm,1583.27223,393.0092,-768.16494,1601.05863,370.30209,-706.41699,1611.89338,370.93955,-706.43444,1623.20269,371.50307,-706.66013,1570.89227,370.35479,-710.46599,1559.79823,370.29342,-710.01635,1548.58973,370.62584,-710.35849,1640.12094,393.49839,-372.0846,1536.70441,389.87504,-384.56118,1603.98914,424.80522,-643.29597,1563.76348,423.41188,-645.94582,1711.13507,578.23676,-170.02916,1464.02856,511.49503,-387.11537,1740.06907,771.03098,-88.8616,1359.83864,395.77985,-868.83559,1758.06931,961.82187,-493.45129,1298.00823,190.21909,-1318.70042,1770.82392,1028.62716,-553.73263,1278.42017,134.88919,-1449.26731,1752.43525,1024.86588,-671.29913,1292.94864,127.63324,-1471.98506,1735.31718,999.10758,-548.21747,1305.78153,151.59063,-1352.86911,1660.84957,972.03924,51.99788,1495.13927,974.55297,-49.95391,1667.52415,1294.42823,81.66605,1503.87661,1287.60409,-134.9675,1688.59254,1566.77759,600.3824,1468.4318,1565.71398,430.18948,1683.1695,1606.85606,632.78315,1472.43941,1597.95902,462.30499,1700.18869,1659.14738,267.8119,1460.09627,1674.17564,67.11494
Fotografia27.jpg,righArm,1578.68604,397.67418,-806.71562,1600.69749,379.22668,-744.87794,1611.13609,381.28138,-744.77237,1622.07036,383.21351,-744.95371,1572.04043,375.65775,-748.45083,1561.9927,374.24193,-747.99469,1551.86567,373.26676,-748.30168,1639.94315,406.77541,-410.22194,1543.28758,391.65414,-432.70904,1597.99872,430.81624,-684.71691,1559.19055,424.47889,-689.75075,1709.41888,595.95101,-169.51609,1464.69778,515.18738,-423.76538,1742.29199,787.27418,61.45553,1382.12471,362.94957,-891.44075,1759.62675,975.82043,-132.17412,1336.51051,154.22274,-1266.80264,1769.85176,1036.44702,-147.06788,1323.53909,94.17438,-1375.06299,1756.39303,1039.84034,-262.5668,1332.74069,94.80729,-1396.36557,1740.30673,1014.75615,-178.9917,1344.64133,119.88564,-1297.06118,1656.78223,963.82507,82.25068,1496.11529,967.91937,-80.14659,1673.08959,1277.12992,124.54165,1501.04588,1276.20629,-228.64447,1680.35949,1525.90296,673.62725,1448.522,1553.62988,331.00933,1669.3217,1562.36589,709.80359,1446.71363,1583.36094,361.88785,1702.66628,1619.99262,382.48512,1447.74901,1665.56253,-15.83599
Fotografia28.jpg,righArm,1590.52102,386.12497,-868.3018,1612.01015,369.47442,-813.34997,1622.57518,372.61737,-813.12055,1633.51344,375.63908,-812.88204,1581.97061,363.15934,-811.03016,1571.05565,361.11129,-810.56294,1560.09499,359.50564,-810.82996,1647.12936,398.31327,-494.61065,1544.79558,375.94605,-464.40673,1607.04738,421.24466,-749.81136,1566.47834,412.2399,-741.34096,1719.23796,579.44521,-266.22861,1448.48878,497.40442,-337.46199,1776.51642,805.05263,-637.76909,1334.17544,410.11529,-727.37607,1703.68428,712.75134,-1538.09667,1246.72225,205.13234,-1204.45403,1659.14163,708.69503,-1685.73747,1220.85254,148.45904,-1314.72526,1669.27587,653.84437,-1686.11946,1226.22794,145.13394,-1318.32049,1665.35105,654.59435,-1548.92588,1243.80873,165.15429,-1225.68669,1647.47402,958.95083,-5.26665,1477.32905,953.7773,7.71762,1643.07708,1281.84958,-10.95962,1455.74298,1266.93907,20.22647,1668.71827,1565.61802,532.57911,1452.06458,1555.64672,665.45985,1667.94901,1601.17527,567.84609,1458.14821,1583.87094,704.23391,1659.33796,1668.71613,209.25975,1454.12554,1679.4647,334.28499
Fotografia29.jpg,righArm,1566.29037,418.61275,-433.08872,1582.61524,397.20833,-387.16472,1592.52354,398.03136,-386.8752,1602.81099,398.7986,-387.08489,1553.1145,395.89705,-394.16489,1542.49888,395.07518,-394.15649,1531.8015,394.6453,-394.76044,1614.24055,417.07608,-97.40223,1516.7413,409.86124,-117.73205,1583.84258,449.16422,-324.4504,1544.77781,446.12792,-330.91071,1671.68149,578.00703,116.2959,1442.24756,519.19112,-1.91899,1747.83168,698.26707,211.24916,1318.15879,416.3097,-135.21427,1698.4532,685.88243,-26.87244,1229.57482,219.74605,-390.47587,1677.51549,701.88676,-100.98833,1197.03246,169.72761,-486.76226,1662.54812,670.80151,-134.82453,1216.87454,159.21969,-507.98051,1668.14123,662.23299,-56.45536,1234.99838,177.84909,-420.06863,1612.42767,959.77919,20.13704,1459.67772,953.28232,-17.41884,1606.62689,1292.44692,-40.50498,1429.72624,1289.5546,-137.8305,1594.58978,1579.65237,380.63147,1384.86893,1598.5564,229.36395,1583.23966,1621.4114,402.65122,1385.98452,1634.37595,241.33825,1606.00994,1683.50424,80.02496,1369.79599,1720.41573,-148.14846
Fotografia30.jpg,righArm,1486.2527,420.74783,-471.41808,1503.14662,404.84508,-414.57304,1512.10349,406.35072,-414.09639,1521.49744,407.80563,-414.10077,1476.92801,402.44182,-419.02984,1467.9387,401.5899,-418.88108,1458.88515,401.17002,-419.18981,1534.1694,427.8765,-116.95624,1448.59294,417.81272,-124.6146,1502.40093,451.2609,-366.59384,1468.28104,447.26067,-368.46014,1600.98382,580.82756,39.88686,1374.72748,523.65758,-123.26333,1680.65689,680.97811,-378.45231,1325.01065,365.8958,-438.65705,1625.64268,588.47846,-1141.3565,1325.49525,156.20361,-664.31981,1608.88291,569.35315,-1283.88299,1328.92788,103.54958,-766.34808,1598.08485,549.8274,-1271.24837,1340.04433,107.3511,-751.66183,1595.46023,551.40934,-1159.29674,1346.96108,124.24619,-673.22588,1552.95731,945.8553,28.73019,1401.30697,948.21445,-26.85288,1574.36687,1252.3191,-54.60027,1405.50705,1252.20889,-100.31008,1595.69301,1527.66026,365.113,1361.13846,1537.28445,326.56933,1588.21724,1570.04791,387.00755,1359.07299,1569.92929,346.63859,1612.87404,1616.84366,42.86003,1355.08598,1650.70765,-26.052
